{
  "270": {
    "k": 270,
    "body_part_breakdown": {
      "face": 195,
      "pose": 33,
      "left_hand": 21,
      "right_hand": 21
    },
    "probability_stats": {
      "selected_min": 0.8254827260971069,
      "selected_max": 0.9861313104629517,
      "selected_mean": 0.8966147400714733,
      "excluded_min": 0.6931717395782471,
      "excluded_max": 0.8249092698097229,
      "excluded_mean": 0.7789705651147025
    },
    "indices": [
      7,
      8,
      10,
      21,
      24,
      25,
      27,
      29,
      30,
      31,
      33,
      34,
      35,
      46,
      48,
      52,
      53,
      54,
      55,
      56,
      58,
      62,
      63,
      65,
      66,
      67,
      68,
      69,
      70,
      71,
      77,
      93,
      96,
      103,
      104,
      105,
      107,
      108,
      110,
      111,
      116,
      117,
      119,
      123,
      124,
      127,
      130,
      132,
      135,
      136,
      137,
      138,
      139,
      143,
      144,
      147,
      149,
      150,
      156,
      160,
      161,
      162,
      163,
      169,
      170,
      172,
      177,
      183,
      186,
      187,
      191,
      192,
      202,
      205,
      209,
      210,
      212,
      213,
      214,
      215,
      223,
      224,
      225,
      226,
      227,
      228,
      229,
      234,
      246,
      249,
      251,
      254,
      255,
      256,
      257,
      259,
      260,
      261,
      263,
      264,
      265,
      273,
      276,
      280,
      282,
      283,
      284,
      285,
      287,
      288,
      292,
      293,
      295,
      296,
      297,
      298,
      299,
      300,
      301,
      306,
      307,
      308,
      323,
      324,
      327,
      332,
      333,
      334,
      336,
      337,
      338,
      339,
      340,
      341,
      342,
      345,
      347,
      348,
      349,
      352,
      353,
      356,
      359,
      361,
      364,
      365,
      366,
      367,
      368,
      369,
      372,
      376,
      377,
      378,
      379,
      381,
      382,
      383,
      386,
      387,
      388,
      389,
      390,
      392,
      395,
      397,
      401,
      405,
      406,
      407,
      410,
      411,
      415,
      416,
      418,
      423,
      424,
      425,
      426,
      429,
      430,
      431,
      432,
      433,
      434,
      435,
      442,
      443,
      445,
      446,
      447,
      450,
      454,
      466,
      467,
      468,
      469,
      470,
      471,
      472,
      473,
      474,
      475,
      476,
      477,
      478,
      479,
      480,
      481,
      482,
      483,
      484,
      485,
      486,
      487,
      488,
      489,
      490,
      491,
      492,
      493,
      494,
      495,
      496,
      497,
      498,
      499,
      500,
      501,
      502,
      503,
      504,
      505,
      506,
      507,
      508,
      509,
      510,
      511,
      512,
      513,
      514,
      515,
      516,
      517,
      518,
      519,
      520,
      521,
      522,
      523,
      524,
      525,
      526,
      527,
      528,
      529,
      530,
      531,
      532,
      533,
      534,
      535,
      536,
      537,
      538,
      539,
      540,
      541,
      542
    ]
  },
  "100": {
    "k": 100,
    "body_part_breakdown": {
      "face": 31,
      "pose": 27,
      "left_hand": 21,
      "right_hand": 21
    },
    "probability_stats": {
      "selected_min": 0.8999493718147278,
      "selected_max": 0.9861313104629517,
      "selected_mean": 0.9550552988052368,
      "excluded_min": 0.6931717395782471,
      "excluded_max": 0.8994425535202026,
      "excluded_mean": 0.8109241855871059
    },
    "indices": [
      21,
      53,
      58,
      70,
      71,
      93,
      137,
      139,
      143,
      147,
      172,
      177,
      192,
      215,
      225,
      234,
      251,
      288,
      300,
      332,
      361,
      364,
      365,
      366,
      376,
      387,
      389,
      401,
      433,
      435,
      447,
      471,
      474,
      475,
      476,
      478,
      479,
      480,
      481,
      482,
      483,
      484,
      485,
      486,
      487,
      488,
      489,
      490,
      491,
      492,
      493,
      494,
      495,
      496,
      497,
      498,
      499,
      500,
      501,
      502,
      503,
      504,
      505,
      506,
      507,
      508,
      509,
      510,
      511,
      512,
      513,
      514,
      515,
      516,
      517,
      518,
      519,
      520,
      521,
      522,
      523,
      524,
      525,
      526,
      527,
      528,
      529,
      530,
      531,
      532,
      533,
      534,
      535,
      536,
      537,
      538,
      539,
      540,
      541,
      542
    ]
  },
  "48": {
    "k": 48,
    "body_part_breakdown": {
      "face": 0,
      "pose": 10,
      "left_hand": 21,
      "right_hand": 17
    },
    "probability_stats": {
      "selected_min": 0.9763261675834656,
      "selected_max": 0.9861313104629517,
      "selected_mean": 0.9811699104805788,
      "excluded_min": 0.6931717395782471,
      "excluded_max": 0.9760403633117676,
      "excluded_mean": 0.8235329058435228
    },
    "indices": [
      481,
      482,
      483,
      484,
      485,
      486,
      487,
      488,
      489,
      490,
      501,
      502,
      503,
      504,
      505,
      506,
      507,
      508,
      509,
      510,
      511,
      512,
      513,
      514,
      515,
      516,
      517,
      518,
      519,
      520,
      521,
      522,
      523,
      524,
      525,
      526,
      527,
      528,
      529,
      530,
      532,
      534,
      535,
      538,
      539,
      540,
      541,
      542
    ]
  },
  "24": {
    "k": 24,
    "body_part_breakdown": {
      "face": 0,
      "pose": 4,
      "left_hand": 16,
      "right_hand": 4
    },
    "probability_stats": {
      "selected_min": 0.9813218712806702,
      "selected_max": 0.9861313104629517,
      "selected_mean": 0.9828494439522425,
      "excluded_min": 0.6931717395782471,
      "excluded_max": 0.9811295866966248,
      "excluded_mean": 0.8307448120245814
    },
    "indices": [
      481,
      482,
      483,
      485,
      501,
      502,
      503,
      504,
      505,
      506,
      507,
      508,
      509,
      512,
      513,
      517,
      518,
      519,
      520,
      521,
      525,
      526,
      530,
      534
    ]
  },
  "10": {
    "k": 10,
    "body_part_breakdown": {
      "face": 0,
      "pose": 0,
      "left_hand": 10,
      "right_hand": 0
    },
    "probability_stats": {
      "selected_min": 0.9829733371734619,
      "selected_max": 0.9861313104629517,
      "selected_mean": 0.9840823411941528,
      "excluded_min": 0.6931717395782471,
      "excluded_max": 0.9828512668609619,
      "excluded_mean": 0.8347169243596061
    },
    "indices": [
      501,
      502,
      503,
      504,
      505,
      508,
      509,
      513,
      517,
      521
    ]
  }
}