{
  "270": {
    "k": 270,
    "body_part_breakdown": {
      "face": 196,
      "pose": 32,
      "left_hand": 21,
      "right_hand": 21
    },
    "probability_stats": {
      "selected_min": 0.4986764192581177,
      "selected_max": 0.5135716795921326,
      "selected_mean": 0.5030067164588857,
      "excluded_min": 0.312965452671051,
      "excluded_max": 0.4986436367034912,
      "excluded_mean": 0.46288462720074497
    },
    "indices": [
      1,
      4,
      5,
      9,
      10,
      11,
      12,
      13,
      14,
      15,
      16,
      17,
      18,
      19,
      21,
      32,
      34,
      37,
      38,
      44,
      45,
      46,
      51,
      54,
      58,
      61,
      62,
      63,
      65,
      66,
      67,
      68,
      69,
      70,
      71,
      72,
      74,
      76,
      77,
      78,
      80,
      81,
      82,
      83,
      84,
      85,
      86,
      87,
      88,
      89,
      90,
      91,
      93,
      95,
      96,
      103,
      104,
      106,
      107,
      108,
      109,
      116,
      123,
      125,
      127,
      132,
      135,
      136,
      137,
      138,
      140,
      143,
      146,
      147,
      148,
      149,
      150,
      151,
      152,
      156,
      162,
      169,
      170,
      172,
      175,
      176,
      177,
      178,
      179,
      180,
      181,
      183,
      184,
      185,
      187,
      191,
      192,
      194,
      210,
      213,
      214,
      215,
      220,
      223,
      227,
      234,
      237,
      238,
      241,
      250,
      251,
      260,
      264,
      267,
      268,
      271,
      272,
      274,
      275,
      281,
      282,
      283,
      284,
      287,
      288,
      292,
      295,
      296,
      297,
      298,
      299,
      300,
      301,
      304,
      306,
      307,
      308,
      310,
      312,
      314,
      315,
      316,
      317,
      318,
      319,
      320,
      321,
      323,
      324,
      325,
      332,
      333,
      334,
      336,
      337,
      338,
      352,
      353,
      354,
      356,
      361,
      364,
      365,
      366,
      367,
      368,
      372,
      375,
      376,
      377,
      378,
      379,
      389,
      394,
      395,
      397,
      400,
      401,
      402,
      403,
      404,
      405,
      407,
      409,
      415,
      430,
      431,
      432,
      433,
      434,
      435,
      442,
      447,
      454,
      459,
      461,
      468,
      469,
      470,
      471,
      472,
      474,
      475,
      476,
      477,
      478,
      479,
      480,
      481,
      482,
      483,
      484,
      485,
      486,
      487,
      488,
      489,
      490,
      491,
      492,
      493,
      494,
      495,
      496,
      497,
      498,
      499,
      500,
      501,
      502,
      503,
      504,
      505,
      506,
      507,
      508,
      509,
      510,
      511,
      512,
      513,
      514,
      515,
      516,
      517,
      518,
      519,
      520,
      521,
      522,
      523,
      524,
      525,
      526,
      527,
      528,
      529,
      530,
      531,
      532,
      533,
      534,
      535,
      536,
      537,
      538,
      539,
      540,
      541,
      542
    ]
  },
  "100": {
    "k": 100,
    "body_part_breakdown": {
      "face": 32,
      "pose": 26,
      "left_hand": 21,
      "right_hand": 21
    },
    "probability_stats": {
      "selected_min": 0.5026564598083496,
      "selected_max": 0.5135716795921326,
      "selected_mean": 0.5071878576278687,
      "excluded_min": 0.312965452671051,
      "excluded_max": 0.5026395916938782,
      "excluded_mean": 0.4773375415505997
    },
    "indices": [
      1,
      4,
      10,
      14,
      15,
      16,
      17,
      44,
      58,
      85,
      86,
      93,
      109,
      127,
      132,
      137,
      151,
      172,
      215,
      234,
      288,
      315,
      316,
      323,
      356,
      361,
      365,
      366,
      397,
      401,
      435,
      454,
      475,
      476,
      477,
      478,
      479,
      480,
      481,
      482,
      483,
      484,
      485,
      486,
      487,
      488,
      489,
      490,
      491,
      492,
      493,
      494,
      495,
      496,
      497,
      498,
      499,
      500,
      501,
      502,
      503,
      504,
      505,
      506,
      507,
      508,
      509,
      510,
      511,
      512,
      513,
      514,
      515,
      516,
      517,
      518,
      519,
      520,
      521,
      522,
      523,
      524,
      525,
      526,
      527,
      528,
      529,
      530,
      531,
      532,
      533,
      534,
      535,
      536,
      537,
      538,
      539,
      540,
      541,
      542
    ]
  },
  "48": {
    "k": 48,
    "body_part_breakdown": {
      "face": 0,
      "pose": 7,
      "left_hand": 20,
      "right_hand": 21
    },
    "probability_stats": {
      "selected_min": 0.5081103444099426,
      "selected_max": 0.5135716795921326,
      "selected_mean": 0.5102414352198442,
      "excluded_min": 0.312965452671051,
      "excluded_max": 0.5079411864280701,
      "excluded_mean": 0.48017722783666666
    },
    "indices": [
      481,
      482,
      483,
      484,
      485,
      486,
      490,
      501,
      502,
      503,
      504,
      505,
      506,
      507,
      508,
      509,
      510,
      511,
      512,
      513,
      514,
      515,
      517,
      518,
      519,
      520,
      521,
      522,
      523,
      524,
      525,
      526,
      527,
      528,
      529,
      530,
      531,
      532,
      533,
      534,
      535,
      536,
      537,
      538,
      539,
      540,
      541,
      542
    ]
  },
  "24": {
    "k": 24,
    "body_part_breakdown": {
      "face": 0,
      "pose": 2,
      "left_hand": 7,
      "right_hand": 15
    },
    "probability_stats": {
      "selected_min": 0.5101146697998047,
      "selected_max": 0.5135716795921326,
      "selected_mean": 0.5112784256537756,
      "excluded_min": 0.312965452671051,
      "excluded_max": 0.5100892782211304,
      "excluded_mean": 0.4815195268863428
    },
    "indices": [
      481,
      482,
      501,
      505,
      508,
      509,
      513,
      517,
      521,
      522,
      523,
      524,
      525,
      526,
      527,
      528,
      529,
      530,
      534,
      538,
      539,
      540,
      541,
      542
    ]
  },
  "10": {
    "k": 10,
    "body_part_breakdown": {
      "face": 0,
      "pose": 0,
      "left_hand": 2,
      "right_hand": 8
    },
    "probability_stats": {
      "selected_min": 0.5113880634307861,
      "selected_max": 0.5135716795921326,
      "selected_mean": 0.512172394990921,
      "excluded_min": 0.312965452671051,
      "excluded_max": 0.5112004280090332,
      "excluded_mean": 0.48228441410843026
    },
    "indices": [
      509,
      513,
      522,
      526,
      529,
      530,
      534,
      538,
      540,
      542
    ]
  }
}