{
  "270": {
    "k": 270,
    "body_part_breakdown": {
      "face": 196,
      "pose": 32,
      "left_hand": 21,
      "right_hand": 21
    },
    "probability_stats": {
      "selected_min": 0.8328547477722168,
      "selected_max": 0.9141650795936584,
      "selected_mean": 0.8568885759071068,
      "excluded_min": 0.7908086776733398,
      "excluded_max": 0.8328537344932556,
      "excluded_mean": 0.8177798003940792
    },
    "indices": [
      7,
      9,
      10,
      21,
      22,
      23,
      24,
      25,
      27,
      28,
      29,
      30,
      31,
      33,
      34,
      35,
      36,
      46,
      50,
      52,
      53,
      54,
      55,
      57,
      58,
      63,
      65,
      66,
      67,
      68,
      69,
      70,
      71,
      93,
      101,
      103,
      104,
      105,
      107,
      108,
      109,
      110,
      111,
      113,
      116,
      117,
      123,
      124,
      127,
      130,
      132,
      135,
      136,
      137,
      138,
      139,
      140,
      143,
      145,
      147,
      149,
      150,
      151,
      156,
      157,
      158,
      159,
      160,
      161,
      162,
      163,
      169,
      170,
      172,
      176,
      177,
      187,
      189,
      192,
      194,
      202,
      204,
      205,
      206,
      207,
      210,
      211,
      213,
      214,
      215,
      223,
      224,
      226,
      227,
      228,
      229,
      230,
      234,
      247,
      249,
      251,
      252,
      253,
      254,
      257,
      258,
      259,
      260,
      261,
      263,
      264,
      265,
      276,
      278,
      280,
      282,
      283,
      284,
      285,
      287,
      288,
      293,
      295,
      296,
      297,
      298,
      299,
      300,
      301,
      323,
      329,
      330,
      332,
      333,
      334,
      336,
      339,
      340,
      342,
      345,
      347,
      348,
      349,
      352,
      353,
      356,
      359,
      361,
      364,
      365,
      366,
      367,
      368,
      372,
      373,
      374,
      375,
      376,
      379,
      380,
      383,
      385,
      387,
      388,
      389,
      390,
      394,
      395,
      397,
      398,
      400,
      401,
      411,
      413,
      416,
      424,
      425,
      427,
      430,
      431,
      432,
      433,
      435,
      436,
      438,
      442,
      443,
      445,
      446,
      447,
      448,
      449,
      454,
      463,
      466,
      467,
      468,
      470,
      471,
      472,
      473,
      474,
      475,
      476,
      477,
      478,
      479,
      480,
      481,
      482,
      483,
      484,
      485,
      486,
      487,
      488,
      489,
      490,
      491,
      492,
      493,
      494,
      495,
      496,
      497,
      498,
      499,
      500,
      501,
      502,
      503,
      504,
      505,
      506,
      507,
      508,
      509,
      510,
      511,
      512,
      513,
      514,
      515,
      516,
      517,
      518,
      519,
      520,
      521,
      522,
      523,
      524,
      525,
      526,
      527,
      528,
      529,
      530,
      531,
      532,
      533,
      534,
      535,
      536,
      537,
      538,
      539,
      540,
      541,
      542
    ]
  },
  "100": {
    "k": 100,
    "body_part_breakdown": {
      "face": 34,
      "pose": 24,
      "left_hand": 21,
      "right_hand": 21
    },
    "probability_stats": {
      "selected_min": 0.8524936437606812,
      "selected_max": 0.9141650795936584,
      "selected_mean": 0.8827499920129775,
      "excluded_min": 0.7908086776733398,
      "excluded_max": 0.8523169159889221,
      "excluded_mean": 0.8269498911991077
    },
    "indices": [
      10,
      21,
      23,
      34,
      58,
      63,
      67,
      68,
      69,
      93,
      127,
      150,
      156,
      162,
      172,
      228,
      234,
      251,
      301,
      334,
      345,
      353,
      356,
      361,
      364,
      368,
      372,
      376,
      389,
      397,
      401,
      445,
      447,
      454,
      475,
      476,
      479,
      480,
      481,
      482,
      483,
      484,
      485,
      486,
      487,
      488,
      489,
      490,
      491,
      492,
      493,
      494,
      495,
      496,
      497,
      498,
      499,
      500,
      501,
      502,
      503,
      504,
      505,
      506,
      507,
      508,
      509,
      510,
      511,
      512,
      513,
      514,
      515,
      516,
      517,
      518,
      519,
      520,
      521,
      522,
      523,
      524,
      525,
      526,
      527,
      528,
      529,
      530,
      531,
      532,
      533,
      534,
      535,
      536,
      537,
      538,
      539,
      540,
      541,
      542
    ]
  },
  "48": {
    "k": 48,
    "body_part_breakdown": {
      "face": 0,
      "pose": 9,
      "left_hand": 18,
      "right_hand": 21
    },
    "probability_stats": {
      "selected_min": 0.891864001750946,
      "selected_max": 0.9141650795936584,
      "selected_mean": 0.9014663584530354,
      "excluded_min": 0.7908086776733398,
      "excluded_max": 0.8917791247367859,
      "excluded_mean": 0.8309967995894075
    },
    "indices": [
      481,
      482,
      483,
      484,
      485,
      486,
      488,
      490,
      499,
      501,
      502,
      503,
      504,
      505,
      506,
      507,
      508,
      509,
      510,
      511,
      512,
      513,
      517,
      518,
      519,
      520,
      521,
      522,
      523,
      524,
      525,
      526,
      527,
      528,
      529,
      530,
      531,
      532,
      533,
      534,
      535,
      536,
      537,
      538,
      539,
      540,
      541,
      542
    ]
  },
  "24": {
    "k": 24,
    "body_part_breakdown": {
      "face": 0,
      "pose": 1,
      "left_hand": 6,
      "right_hand": 17
    },
    "probability_stats": {
      "selected_min": 0.8998402953147888,
      "selected_max": 0.9141650795936584,
      "selected_mean": 0.9061672116319338,
      "excluded_min": 0.7908086776733398,
      "excluded_max": 0.8998273611068726,
      "excluded_mean": 0.8340381270199153
    },
    "indices": [
      484,
      501,
      504,
      505,
      509,
      513,
      517,
      522,
      523,
      524,
      525,
      526,
      527,
      528,
      529,
      530,
      531,
      534,
      536,
      538,
      539,
      540,
      541,
      542
    ]
  },
  "10": {
    "k": 10,
    "body_part_breakdown": {
      "face": 0,
      "pose": 0,
      "left_hand": 2,
      "right_hand": 8
    },
    "probability_stats": {
      "selected_min": 0.907139778137207,
      "selected_max": 0.9141650795936584,
      "selected_mean": 0.9097805738449096,
      "excluded_min": 0.7908086776733398,
      "excluded_max": 0.9069012403488159,
      "excluded_mean": 0.8358649066867793
    },
    "indices": [
      505,
      509,
      522,
      525,
      526,
      530,
      534,
      538,
      540,
      542
    ]
  }
}