{
  "270": {
    "k": 270,
    "body_part_breakdown": {
      "face": 195,
      "pose": 33,
      "left_hand": 21,
      "right_hand": 21
    },
    "probability_stats": {
      "selected_min": 0.9032480120658875,
      "selected_max": 0.9505788087844849,
      "selected_mean": 0.9166342808140648,
      "excluded_min": 0.8872424960136414,
      "excluded_max": 0.9032412171363831,
      "excluded_mean": 0.8973005298293117
    },
    "indices": [
      7,
      9,
      10,
      21,
      22,
      23,
      24,
      25,
      27,
      28,
      29,
      30,
      31,
      33,
      34,
      35,
      36,
      46,
      50,
      53,
      54,
      55,
      58,
      63,
      65,
      66,
      67,
      68,
      69,
      70,
      71,
      76,
      77,
      93,
      96,
      101,
      103,
      104,
      105,
      108,
      109,
      110,
      111,
      113,
      116,
      117,
      118,
      119,
      123,
      124,
      127,
      130,
      132,
      135,
      136,
      137,
      138,
      139,
      140,
      143,
      144,
      145,
      147,
      149,
      150,
      151,
      156,
      158,
      159,
      160,
      161,
      162,
      163,
      169,
      170,
      172,
      176,
      177,
      183,
      184,
      186,
      187,
      189,
      192,
      202,
      204,
      205,
      207,
      210,
      211,
      213,
      214,
      215,
      216,
      221,
      222,
      223,
      224,
      226,
      227,
      228,
      229,
      230,
      234,
      235,
      246,
      247,
      249,
      251,
      253,
      254,
      257,
      258,
      260,
      261,
      263,
      264,
      265,
      273,
      276,
      280,
      282,
      283,
      284,
      285,
      287,
      288,
      291,
      293,
      295,
      296,
      297,
      298,
      300,
      301,
      306,
      323,
      325,
      330,
      332,
      334,
      336,
      337,
      339,
      340,
      342,
      345,
      346,
      348,
      352,
      353,
      356,
      359,
      361,
      364,
      365,
      366,
      367,
      368,
      372,
      373,
      374,
      376,
      378,
      379,
      383,
      387,
      388,
      389,
      394,
      395,
      397,
      398,
      401,
      411,
      415,
      416,
      424,
      425,
      427,
      430,
      432,
      433,
      434,
      435,
      442,
      444,
      445,
      446,
      447,
      448,
      449,
      454,
      466,
      467,
      468,
      469,
      470,
      471,
      472,
      473,
      474,
      475,
      476,
      477,
      478,
      479,
      480,
      481,
      482,
      483,
      484,
      485,
      486,
      487,
      488,
      489,
      490,
      491,
      492,
      493,
      494,
      495,
      496,
      497,
      498,
      499,
      500,
      501,
      502,
      503,
      504,
      505,
      506,
      507,
      508,
      509,
      510,
      511,
      512,
      513,
      514,
      515,
      516,
      517,
      518,
      519,
      520,
      521,
      522,
      523,
      524,
      525,
      526,
      527,
      528,
      529,
      530,
      531,
      532,
      533,
      534,
      535,
      536,
      537,
      538,
      539,
      540,
      541,
      542
    ]
  },
  "100": {
    "k": 100,
    "body_part_breakdown": {
      "face": 28,
      "pose": 30,
      "left_hand": 21,
      "right_hand": 21
    },
    "probability_stats": {
      "selected_min": 0.9145910143852234,
      "selected_max": 0.9505788087844849,
      "selected_mean": 0.9307951843738556,
      "excluded_min": 0.8872424960136414,
      "excluded_max": 0.9144952297210693,
      "excluded_mean": 0.9015232099905509
    },
    "indices": [
      21,
      34,
      53,
      54,
      68,
      70,
      71,
      93,
      127,
      137,
      139,
      156,
      162,
      172,
      213,
      227,
      228,
      234,
      288,
      300,
      356,
      361,
      364,
      368,
      397,
      435,
      447,
      454,
      468,
      469,
      470,
      471,
      475,
      476,
      477,
      478,
      479,
      480,
      481,
      482,
      483,
      484,
      485,
      486,
      487,
      488,
      489,
      490,
      491,
      492,
      493,
      494,
      495,
      496,
      497,
      498,
      499,
      500,
      501,
      502,
      503,
      504,
      505,
      506,
      507,
      508,
      509,
      510,
      511,
      512,
      513,
      514,
      515,
      516,
      517,
      518,
      519,
      520,
      521,
      522,
      523,
      524,
      525,
      526,
      527,
      528,
      529,
      530,
      531,
      532,
      533,
      534,
      535,
      536,
      537,
      538,
      539,
      540,
      541,
      542
    ]
  },
  "48": {
    "k": 48,
    "body_part_breakdown": {
      "face": 0,
      "pose": 18,
      "left_hand": 9,
      "right_hand": 21
    },
    "probability_stats": {
      "selected_min": 0.9354533553123474,
      "selected_max": 0.9505788087844849,
      "selected_mean": 0.9405599584182104,
      "excluded_min": 0.8872424960136414,
      "excluded_max": 0.935117781162262,
      "excluded_mean": 0.9036513585032839
    },
    "indices": [
      481,
      482,
      483,
      484,
      485,
      486,
      487,
      488,
      489,
      490,
      492,
      493,
      495,
      496,
      497,
      498,
      499,
      500,
      501,
      502,
      503,
      504,
      505,
      509,
      513,
      517,
      521,
      522,
      523,
      524,
      525,
      526,
      527,
      528,
      529,
      530,
      531,
      532,
      533,
      534,
      535,
      536,
      537,
      538,
      539,
      540,
      541,
      542
    ]
  },
  "24": {
    "k": 24,
    "body_part_breakdown": {
      "face": 0,
      "pose": 3,
      "left_hand": 1,
      "right_hand": 20
    },
    "probability_stats": {
      "selected_min": 0.9400433301925659,
      "selected_max": 0.9505788087844849,
      "selected_mean": 0.9434989293416342,
      "excluded_min": 0.8872424960136414,
      "excluded_max": 0.9395845532417297,
      "excluded_mean": 0.9052222083988447
    },
    "indices": [
      482,
      484,
      498,
      505,
      522,
      523,
      524,
      525,
      526,
      527,
      528,
      529,
      530,
      531,
      532,
      533,
      534,
      535,
      536,
      538,
      539,
      540,
      541,
      542
    ]
  },
  "10": {
    "k": 10,
    "body_part_breakdown": {
      "face": 0,
      "pose": 1,
      "left_hand": 0,
      "right_hand": 9
    },
    "probability_stats": {
      "selected_min": 0.9435195922851562,
      "selected_max": 0.9505788087844849,
      "selected_mean": 0.9463134586811066,
      "excluded_min": 0.8872424960136414,
      "excluded_max": 0.9434839487075806,
      "excluded_mean": 0.9061747952652693
    },
    "indices": [
      482,
      522,
      525,
      526,
      529,
      530,
      534,
      538,
      540,
      542
    ]
  }
}