{
  "10": {
    "k": 10,
    "body_part_breakdown": {
      "face": 0,
      "pose": 1,
      "left_hand": 6,
      "right_hand": 3
    },
    "probability_stats": {
      "selected_min": 0.97384113073349,
      "selected_max": 0.9754925966262817,
      "selected_mean": 0.974626213312149,
      "excluded_min": 0.971897542476654,
      "excluded_max": 0.9738287925720215,
      "excluded_mean": 0.9729443320206234
    },
    "indices": [
      481,
      501,
      505,
      506,
      509,
      513,
      521,
      526,
      530,
      539
    ]
  }
}