{
  "48": {
    "k": 48,
    "body_part_breakdown": {
      "face": 0,
      "pose": 12,
      "left_hand": 21,
      "right_hand": 15
    },
    "probability_stats": {
      "selected_min": 0.9789378046989441,
      "selected_max": 0.9813789129257202,
      "selected_mean": 0.9796721103290716,
      "excluded_min": 0.9758386015892029,
      "excluded_max": 0.9789323210716248,
      "excluded_mean": 0.9776203976227686
    },
    "indices": [
      479,
      480,
      481,
      482,
      483,
      484,
      485,
      487,
      489,
      490,
      491,
      492,
      501,
      502,
      503,
      504,
      505,
      506,
      507,
      508,
      509,
      510,
      511,
      512,
      513,
      514,
      515,
      516,
      517,
      518,
      519,
      520,
      521,
      522,
      523,
      524,
      525,
      526,
      527,
      528,
      530,
      531,
      534,
      535,
      536,
      538,
      539,
      542
    ]
  }
}